{
  "timesteps": [
    2000,
    4000,
    6000,
    8000,
    10000,
    12000,
    14000,
    16000,
    18000,
    20000,
    22000,
    24000,
    26000,
    28000,
    30000,
    32000,
    34000,
    36000,
    38000,
    40000,
    42000,
    44000,
    46000,
    48000,
    50000,
    52000,
    54000,
    56000,
    58000,
    60000,
    62000,
    64000,
    66000,
    68000,
    70000,
    72000,
    74000,
    76000,
    78000,
    80000,
    82000,
    84000,
    86000,
    88000,
    90000,
    92000,
    94000,
    96000,
    98000,
    100000
  ],
  "mean_rewards": [
    21667.73633878728,
    20982.8811574355,
    21673.132077086666,
    21604.06941196321,
    21085.309852978557,
    21903.890566776205,
    21770.86204439915,
    22193.99799854608,
    20873.35495645258,
    20915.37104066661,
    21508.963329007973,
    21818.615036770007,
    21934.749135265294,
    22240.6168246737,
    21550.98339953545,
    21704.51870134347,
    21181.271827341294,
    21151.698850761117,
    22265.983073919524,
    22738.067603179938,
    21834.669805927442,
    22332.093683793104,
    21196.426825355662,
    21539.577814041684,
    21939.106832154044,
    21497.934898001688,
    21421.548785577565,
    22040.494557546546,
    22576.867771576723,
    21184.482871062737,
    20917.938613779144,
    21249.725307697365,
    21224.937526330392,
    20872.169987778525,
    21111.771076780024,
    21903.029937803865,
    20884.349427529305,
    21476.575647151676,
    21457.841884716498,
    21829.678197400503,
    21491.759232333774,
    21284.726910525125,
    21492.120595658595,
    21219.863897900344,
    22042.270931838106,
    21112.39482133624,
    21585.759551732634,
    21449.593625609024,
    21404.08970863826,
    21662.344420331025
  ],
  "std_rewards": [
    1842.8152861052442,
    2223.182688060088,
    2440.593358847778,
    1792.474547987953,
    1988.4463033478166,
    2768.153980404274,
    2091.133398664946,
    2516.7749442373483,
    1953.193590219416,
    2705.2211261451594,
    2237.0014605745946,
    2552.566197752927,
    2331.0749152427966,
    1915.3146784927553,
    1537.2221893819883,
    2540.567844629736,
    2109.0632107907945,
    2515.2691094599563,
    2302.211241461225,
    2421.408756399544,
    2003.6128133344555,
    2178.2914889867575,
    2252.3469602494933,
    2474.3855454438367,
    2496.1315032090934,
    1923.2192650719385,
    1559.3977262634837,
    2381.022022999716,
    2165.6061762670515,
    2593.150960279439,
    2787.484624989056,
    2215.002743069369,
    2444.664518125028,
    2510.6283175121634,
    1935.937569487202,
    1661.715142346234,
    1887.5525065487711,
    2086.9094993532867,
    1789.818786547508,
    2328.9400116447705,
    2289.8979697594687,
    1961.4278528357581,
    2733.716763342266,
    1869.9645068107386,
    1872.0924571798028,
    2010.0390113993726,
    1811.2560304478766,
    2118.907488003083,
    2227.4257113406998,
    1976.498376186225
  ],
  "mean_revenues": [
    21667.73633878728,
    20982.8811574355,
    21673.132077086666,
    21604.06941196321,
    21085.309852978557,
    21903.890566776205,
    21770.86204439915,
    22193.99799854608,
    20873.35495645258,
    20915.37104066661,
    21508.963329007973,
    21818.615036770007,
    21934.749135265294,
    22240.6168246737,
    21550.98339953545,
    21704.51870134347,
    21181.271827341294,
    21151.698850761117,
    22265.983073919524,
    22738.067603179938,
    21834.669805927442,
    22332.093683793104,
    21196.426825355662,
    21539.577814041684,
    21939.106832154044,
    21497.934898001688,
    21421.548785577565,
    22040.494557546546,
    22576.867771576723,
    21184.482871062737,
    20917.938613779144,
    21249.725307697365,
    21224.937526330392,
    20872.169987778525,
    21111.771076780024,
    21903.029937803865,
    20884.349427529305,
    21476.575647151676,
    21457.841884716498,
    21829.678197400503,
    21491.759232333774,
    21284.726910525125,
    21492.120595658595,
    21219.863897900344,
    22042.270931838106,
    21112.39482133624,
    21585.759551732634,
    21449.593625609024,
    21404.08970863826,
    21662.344420331025
  ],
  "mean_acceptance_rates": [
    0.79,
    0.769,
    0.785,
    0.7729999999999999,
    0.758,
    0.78,
    0.784,
    0.7690000000000001,
    0.743,
    0.7700000000000001,
    0.769,
    0.7820000000000001,
    0.808,
    0.798,
    0.751,
    0.767,
    0.768,
    0.768,
    0.7869999999999999,
    0.8010000000000002,
    0.777,
    0.8,
    0.764,
    0.7630000000000001,
    0.8,
    0.7649999999999999,
    0.772,
    0.7820000000000001,
    0.8059999999999998,
    0.772,
    0.756,
    0.779,
    0.755,
    0.753,
    0.756,
    0.772,
    0.7409999999999999,
    0.765,
    0.774,
    0.78,
    0.765,
    0.788,
    0.781,
    0.777,
    0.779,
    0.7630000000000001,
    0.778,
    0.758,
    0.7550000000000001,
    0.793
  ],
  "mean_episode_lengths": [
    50.0,
    50.0,
    50.0,
    50.0,
    50.0,
    50.0,
    50.0,
    50.0,
    50.0,
    50.0,
    50.0,
    50.0,
    50.0,
    50.0,
    50.0,
    50.0,
    50.0,
    50.0,
    50.0,
    50.0,
    50.0,
    50.0,
    50.0,
    50.0,
    50.0,
    50.0,
    50.0,
    50.0,
    50.0,
    50.0,
    50.0,
    50.0,
    50.0,
    50.0,
    50.0,
    50.0,
    50.0,
    50.0,
    50.0,
    50.0,
    50.0,
    50.0,
    50.0,
    50.0,
    50.0,
    50.0,
    50.0,
    50.0,
    50.0,
    50.0
  ]
}