{
  "timesteps": [
    2000,
    4000,
    6000,
    8000,
    10000,
    12000,
    14000,
    16000,
    18000,
    20000,
    22000,
    24000,
    26000,
    28000,
    30000,
    32000,
    34000,
    36000,
    38000,
    40000,
    42000,
    44000,
    46000,
    48000,
    50000,
    52000,
    54000,
    56000,
    58000,
    60000,
    62000,
    64000,
    66000,
    68000,
    70000,
    72000,
    74000,
    76000,
    78000,
    80000,
    82000,
    84000,
    86000,
    88000,
    90000,
    92000,
    94000,
    96000,
    98000,
    100000
  ],
  "mean_rewards": [
    19027.670971901385,
    21417.085987522332,
    22450.055700387205,
    21312.555833721985,
    21373.137378253938,
    21970.30366342927,
    21678.536047129302,
    22183.2540220109,
    21457.403413859713,
    21692.993894531286,
    22231.812809234478,
    21484.848045532166,
    21582.47867992296,
    22269.115456111926,
    21257.76343934768,
    21800.252249259553,
    20612.98190031052,
    21278.60327739784,
    22052.610213362987,
    20759.383417734884,
    21540.94647444588,
    22218.28094597979,
    21238.759897824733,
    20916.245094620866,
    22515.427544744416,
    21932.320622749136,
    20308.36197819343,
    21200.187249089708,
    21040.524228986942,
    21612.30978147836,
    21767.42867466549,
    21695.395983863993,
    21384.557675987748,
    21431.024496231275,
    22258.962477933754,
    21519.159726310405,
    20179.147524019638,
    22430.075311384997,
    21686.900894144423,
    22117.915554017905,
    21678.76544042468,
    21522.828460846908,
    21697.251112237605,
    21774.700764834044,
    22103.371933100476,
    21505.50321567636,
    20288.178752270338,
    21956.63153129632,
    21607.794885091345,
    21394.058154691917
  ],
  "std_rewards": [
    1577.5457096373939,
    2830.074304012528,
    2068.1612789087867,
    2816.732731004249,
    2166.311096293794,
    1930.239652484535,
    3384.1198574089776,
    1908.45407616274,
    2309.810147913545,
    2335.768008670603,
    2025.8303183493033,
    1896.5994897542646,
    1629.190126608954,
    1685.6452420228743,
    2157.85552651096,
    2334.5474142705757,
    2420.743055288697,
    2084.867487916435,
    2177.4598315575154,
    2137.444705601802,
    1875.0703312541139,
    1978.391043003471,
    2693.762933552557,
    1785.044516341877,
    2145.435186205219,
    2187.062069818229,
    2230.8646341209082,
    1957.7680539201108,
    2538.040105790473,
    1960.7912572680575,
    1805.8313852003441,
    2948.2739752604484,
    2891.31766432431,
    1922.014416501181,
    2164.9029261201918,
    2540.033742813412,
    1889.796219833899,
    1974.5987603925191,
    2080.434030427803,
    1904.2820767542053,
    2167.9294644092342,
    2029.8154653556005,
    2140.905263397934,
    2760.0258477003345,
    2476.9919436779287,
    2186.668669383932,
    2040.4410749881233,
    2091.558347454505,
    2257.3667985925754,
    2121.6367850523357
  ],
  "mean_revenues": [
    19027.670971901385,
    21417.085987522332,
    22450.055700387205,
    21312.555833721985,
    21373.137378253938,
    21970.30366342927,
    21678.536047129302,
    22183.2540220109,
    21457.403413859713,
    21692.993894531286,
    22231.812809234478,
    21484.848045532166,
    21582.47867992296,
    22269.115456111926,
    21257.76343934768,
    21800.252249259553,
    20612.98190031052,
    21278.60327739784,
    22052.610213362987,
    20759.383417734884,
    21540.94647444588,
    22218.28094597979,
    21238.759897824733,
    20916.245094620866,
    22515.427544744416,
    21932.320622749136,
    20308.36197819343,
    21200.187249089708,
    21040.524228986942,
    21612.30978147836,
    21767.42867466549,
    21695.395983863993,
    21384.557675987748,
    21431.024496231275,
    22258.962477933754,
    21519.159726310405,
    20179.147524019638,
    22430.075311384997,
    21686.900894144423,
    22117.915554017905,
    21678.76544042468,
    21522.828460846908,
    21697.251112237605,
    21774.700764834044,
    22103.371933100476,
    21505.50321567636,
    20288.178752270338,
    21956.63153129632,
    21607.794885091345,
    21394.058154691917
  ],
  "mean_acceptance_rates": [
    0.876,
    0.7580000000000001,
    0.799,
    0.764,
    0.763,
    0.8030000000000002,
    0.771,
    0.783,
    0.765,
    0.781,
    0.7739999999999999,
    0.762,
    0.7779999999999999,
    0.79,
    0.7779999999999999,
    0.7769999999999999,
    0.7580000000000001,
    0.755,
    0.768,
    0.773,
    0.7620000000000001,
    0.782,
    0.772,
    0.782,
    0.786,
    0.778,
    0.747,
    0.776,
    0.752,
    0.7689999999999999,
    0.777,
    0.7620000000000001,
    0.7729999999999999,
    0.7529999999999999,
    0.7910000000000001,
    0.786,
    0.746,
    0.8019999999999999,
    0.7820000000000003,
    0.7729999999999999,
    0.781,
    0.774,
    0.764,
    0.783,
    0.7729999999999999,
    0.772,
    0.736,
    0.764,
    0.77,
    0.78
  ],
  "mean_episode_lengths": [
    50.0,
    50.0,
    50.0,
    50.0,
    50.0,
    50.0,
    50.0,
    50.0,
    50.0,
    50.0,
    50.0,
    50.0,
    50.0,
    50.0,
    50.0,
    50.0,
    50.0,
    50.0,
    50.0,
    50.0,
    50.0,
    50.0,
    50.0,
    50.0,
    50.0,
    50.0,
    50.0,
    50.0,
    50.0,
    50.0,
    50.0,
    50.0,
    50.0,
    50.0,
    50.0,
    50.0,
    50.0,
    50.0,
    50.0,
    50.0,
    50.0,
    50.0,
    50.0,
    50.0,
    50.0,
    50.0,
    50.0,
    50.0,
    50.0,
    50.0
  ]
}