{
  "timesteps": [
    2000,
    4000,
    6000,
    8000,
    10000,
    12000,
    14000,
    16000,
    18000,
    20000,
    22000,
    24000,
    26000,
    28000,
    30000,
    32000,
    34000,
    36000,
    38000,
    40000,
    42000,
    44000,
    46000,
    48000,
    50000,
    52000,
    54000,
    56000,
    58000,
    60000,
    62000,
    64000,
    66000,
    68000,
    70000,
    72000,
    74000,
    76000,
    78000,
    80000,
    82000,
    84000,
    86000,
    88000,
    90000,
    92000,
    94000,
    96000,
    98000,
    100000
  ],
  "mean_rewards": [
    21947.087058718495,
    21610.679014859637,
    21048.8510774296,
    21127.48892928613,
    20403.38956152025,
    21093.280734966065,
    21681.82038418527,
    21838.250860626584,
    21633.69797106662,
    21374.355151633783,
    21590.450937139936,
    21054.468122500864,
    22025.519129221022,
    22070.896606037983,
    21896.74474822694,
    20506.077087366764,
    21373.852412646615,
    21988.393915874025,
    22327.26317769978,
    21661.23807810011,
    21517.073913437293,
    21916.674883815846,
    21838.213234021106,
    22036.29772026845,
    22284.6238838992,
    21249.297426133562,
    21431.62644634409,
    21742.91900951181,
    21466.03175733212,
    21321.892491924227,
    20547.88669298534,
    21722.60410879259,
    22491.960780320915,
    21597.45184833447,
    21965.8497131349,
    20711.596424414678,
    21835.491791652814,
    21739.850945136932,
    21883.793461278197,
    20541.575176880717,
    20537.387178451383,
    21242.250396300395,
    21954.617551376694,
    21414.984784030123,
    21163.05086202488,
    21726.46250286881,
    20420.29325226778,
    20802.938222123925,
    21816.44939884774,
    20572.622223678765
  ],
  "std_rewards": [
    1950.4053692807313,
    2101.0904520139657,
    1891.9992182969513,
    1302.885043629834,
    2161.4652547743235,
    3307.620653468078,
    2417.5453897016127,
    1815.8101370908748,
    2352.7548817209176,
    2525.6566706549393,
    2014.4163403134492,
    2651.270896507712,
    1941.0319619836296,
    1812.7927453508105,
    2091.9064233698737,
    2329.5329241307013,
    2386.244753532575,
    3003.914746055888,
    2672.0539890817986,
    2812.2119504907273,
    2310.4734052240583,
    2645.1557563167203,
    2362.847867438246,
    2464.4266688328507,
    2656.5040442024874,
    1872.3907340026462,
    2031.862771613346,
    1696.6389198801191,
    1747.8907050452867,
    2705.74680099621,
    2546.9994225644373,
    2535.496653937555,
    2025.240221832633,
    2145.5182250364196,
    2066.184108821436,
    2004.0164574770095,
    2360.9400862051475,
    2270.2712768249403,
    2961.0808761708613,
    1968.410722744003,
    2605.9090672231573,
    2634.8710824040554,
    1913.8620796746895,
    1248.8286652518982,
    2018.6905199378457,
    2508.2043535738203,
    2247.799436875013,
    2295.8139544314004,
    1919.756347557812,
    2921.441683410782
  ],
  "mean_revenues": [
    21947.087058718495,
    21610.679014859637,
    21048.8510774296,
    21127.48892928613,
    20403.38956152025,
    21093.280734966065,
    21681.82038418527,
    21838.250860626584,
    21633.69797106662,
    21374.355151633783,
    21590.450937139936,
    21054.468122500864,
    22025.519129221022,
    22070.896606037983,
    21896.74474822694,
    20506.077087366764,
    21373.852412646615,
    21988.393915874025,
    22327.26317769978,
    21661.23807810011,
    21517.073913437293,
    21916.674883815846,
    21838.213234021106,
    22036.29772026845,
    22284.6238838992,
    21249.297426133562,
    21431.62644634409,
    21742.91900951181,
    21466.03175733212,
    21321.892491924227,
    20547.88669298534,
    21722.60410879259,
    22491.960780320915,
    21597.45184833447,
    21965.8497131349,
    20711.596424414678,
    21835.491791652814,
    21739.850945136932,
    21883.793461278197,
    20541.575176880717,
    20537.387178451383,
    21242.250396300395,
    21954.617551376694,
    21414.984784030123,
    21163.05086202488,
    21726.46250286881,
    20420.29325226778,
    20802.938222123925,
    21816.44939884774,
    20572.622223678765
  ],
  "mean_acceptance_rates": [
    0.8130000000000001,
    0.78,
    0.7699999999999999,
    0.7769999999999999,
    0.7430000000000001,
    0.7739999999999998,
    0.775,
    0.783,
    0.758,
    0.772,
    0.7550000000000001,
    0.74,
    0.793,
    0.794,
    0.7790000000000001,
    0.768,
    0.7739999999999999,
    0.7740000000000002,
    0.788,
    0.779,
    0.784,
    0.776,
    0.7669999999999999,
    0.7910000000000001,
    0.796,
    0.784,
    0.789,
    0.783,
    0.7799999999999999,
    0.776,
    0.757,
    0.777,
    0.797,
    0.78,
    0.8,
    0.764,
    0.7910000000000001,
    0.793,
    0.779,
    0.7540000000000001,
    0.7689999999999999,
    0.769,
    0.7790000000000001,
    0.774,
    0.766,
    0.771,
    0.758,
    0.7569999999999999,
    0.806,
    0.751
  ],
  "mean_episode_lengths": [
    50.0,
    50.0,
    50.0,
    50.0,
    50.0,
    50.0,
    50.0,
    50.0,
    50.0,
    50.0,
    50.0,
    50.0,
    50.0,
    50.0,
    50.0,
    50.0,
    50.0,
    50.0,
    50.0,
    50.0,
    50.0,
    50.0,
    50.0,
    50.0,
    50.0,
    50.0,
    50.0,
    50.0,
    50.0,
    50.0,
    50.0,
    50.0,
    50.0,
    50.0,
    50.0,
    50.0,
    50.0,
    50.0,
    50.0,
    50.0,
    50.0,
    50.0,
    50.0,
    50.0,
    50.0,
    50.0,
    50.0,
    50.0,
    50.0,
    50.0
  ]
}