{
  "timesteps": [
    2000,
    4000,
    6000,
    8000,
    10000,
    12000,
    14000,
    16000,
    18000,
    20000,
    22000,
    24000,
    26000,
    28000,
    30000,
    32000,
    34000,
    36000,
    38000,
    40000,
    42000,
    44000,
    46000,
    48000,
    50000,
    52000,
    54000,
    56000,
    58000,
    60000,
    62000,
    64000,
    66000,
    68000,
    70000,
    72000,
    74000,
    76000,
    78000,
    80000,
    82000,
    84000,
    86000,
    88000,
    90000,
    92000,
    94000,
    96000,
    98000,
    100000
  ],
  "mean_rewards": [
    17995.65544950703,
    21095.58115301359,
    21654.22403347033,
    20288.787421630674,
    21328.197277119172,
    21145.614599251363,
    21521.82809673957,
    21291.594339879895,
    21722.10689625372,
    21478.069428290368,
    21500.473997023506,
    22011.410567728708,
    21592.169150275855,
    21453.847169884462,
    21942.47643533376,
    21173.318429846782,
    21266.05038511526,
    20905.39244547263,
    21859.583911105867,
    21282.388544063746,
    21670.854156881953,
    21816.13728916462,
    21987.31600760379,
    19690.73584461638,
    19183.66465955243,
    20322.815563952074,
    20764.89102736019,
    21210.418830141552,
    21245.366243241016,
    22578.01310502994,
    21433.22704383601,
    21206.34410879505,
    21433.386985004217,
    21160.103584929708,
    21713.676284482935,
    20782.77518618534,
    21088.33360308211,
    21357.36861250226,
    21769.311235257093,
    20979.597476270887,
    20622.44280660342,
    21572.32214580024,
    21351.21345075624,
    20527.25304022876,
    21292.06220596801,
    21904.195414482798,
    20815.043329130473,
    21383.530302925858,
    20425.41496902536,
    20245.280568106402
  ],
  "std_rewards": [
    1336.8728357744149,
    1678.8494569909108,
    2036.6804355737825,
    1851.8097230282715,
    1918.0703389651749,
    1864.7264271787028,
    1999.6233827635153,
    1427.2023524184124,
    3059.7382011053587,
    2137.5252326914315,
    1944.9284238364464,
    1333.635045389566,
    2056.259268538712,
    1958.915158530654,
    2376.1149357567156,
    2267.536989995494,
    1891.5233429022887,
    1985.9319102434326,
    1920.6819233769068,
    2519.227402639808,
    2286.709100741708,
    2205.2267330468317,
    1859.676557770881,
    1609.5428889999143,
    1574.318635538024,
    2736.7321864401238,
    2035.3144698560066,
    1936.0502878104223,
    2056.795263833984,
    1841.1681463231807,
    1833.5274785087768,
    1727.1968106214829,
    1884.138601364614,
    2425.3056575058085,
    2678.5976441602515,
    2066.34666946834,
    2244.3000193995026,
    1770.8703050860258,
    2213.539774703253,
    1752.7268965403148,
    2266.296639293919,
    1710.7558701817152,
    2460.484436438378,
    2239.4158120531742,
    1996.2599286607615,
    1862.8809200220826,
    2047.6205792708352,
    2681.094023855741,
    1337.5685333233491,
    1689.090486517811
  ],
  "mean_revenues": [
    17995.65544950703,
    21095.58115301359,
    21654.22403347033,
    20288.787421630674,
    21328.197277119172,
    21145.614599251363,
    21521.82809673957,
    21291.594339879895,
    21722.10689625372,
    21478.069428290368,
    21500.473997023506,
    22011.410567728708,
    21592.169150275855,
    21453.847169884462,
    21942.47643533376,
    21173.318429846782,
    21266.05038511526,
    20905.39244547263,
    21859.583911105867,
    21282.388544063746,
    21670.854156881953,
    21816.13728916462,
    21987.31600760379,
    19690.73584461638,
    19183.66465955243,
    20322.815563952074,
    20764.89102736019,
    21210.418830141552,
    21245.366243241016,
    22578.01310502994,
    21433.22704383601,
    21206.34410879505,
    21433.386985004217,
    21160.103584929708,
    21713.676284482935,
    20782.77518618534,
    21088.33360308211,
    21357.36861250226,
    21769.311235257093,
    20979.597476270887,
    20622.44280660342,
    21572.32214580024,
    21351.21345075624,
    20527.25304022876,
    21292.06220596801,
    21904.195414482798,
    20815.043329130473,
    21383.530302925858,
    20425.41496902536,
    20245.280568106402
  ],
  "mean_acceptance_rates": [
    0.9029999999999999,
    0.8390000000000001,
    0.8210000000000001,
    0.789,
    0.8240000000000001,
    0.8220000000000001,
    0.8320000000000001,
    0.8220000000000001,
    0.78,
    0.7689999999999999,
    0.825,
    0.8219999999999998,
    0.8299999999999998,
    0.8240000000000001,
    0.8350000000000002,
    0.807,
    0.8320000000000001,
    0.8089999999999999,
    0.8,
    0.8019999999999999,
    0.7729999999999999,
    0.8090000000000002,
    0.8019999999999999,
    0.8779999999999999,
    0.8660000000000002,
    0.8009999999999999,
    0.8380000000000001,
    0.7990000000000002,
    0.812,
    0.793,
    0.7900000000000001,
    0.761,
    0.773,
    0.764,
    0.797,
    0.8,
    0.8290000000000001,
    0.807,
    0.8270000000000002,
    0.8149999999999998,
    0.8250000000000002,
    0.8379999999999999,
    0.8119999999999999,
    0.8099999999999999,
    0.789,
    0.8340000000000002,
    0.8290000000000001,
    0.8140000000000003,
    0.8190000000000002,
    0.8360000000000001
  ],
  "mean_episode_lengths": [
    50.0,
    50.0,
    50.0,
    50.0,
    50.0,
    50.0,
    50.0,
    50.0,
    50.0,
    50.0,
    50.0,
    50.0,
    50.0,
    50.0,
    50.0,
    50.0,
    50.0,
    50.0,
    50.0,
    50.0,
    50.0,
    50.0,
    50.0,
    50.0,
    50.0,
    50.0,
    50.0,
    50.0,
    50.0,
    50.0,
    50.0,
    50.0,
    50.0,
    50.0,
    50.0,
    50.0,
    50.0,
    50.0,
    50.0,
    50.0,
    50.0,
    50.0,
    50.0,
    50.0,
    50.0,
    50.0,
    50.0,
    50.0,
    50.0,
    50.0
  ]
}