{
  "timesteps": [
    2000,
    4000,
    6000,
    8000,
    10000,
    12000,
    14000,
    16000,
    18000,
    20000,
    22000,
    24000,
    26000,
    28000,
    30000,
    32000,
    34000,
    36000,
    38000,
    40000,
    42000,
    44000,
    46000,
    48000,
    50000,
    52000,
    54000,
    56000,
    58000,
    60000,
    62000,
    64000,
    66000,
    68000,
    70000,
    72000,
    74000,
    76000,
    78000,
    80000,
    82000,
    84000,
    86000,
    88000,
    90000,
    92000,
    94000,
    96000,
    98000,
    100000
  ],
  "mean_rewards": [
    19982.887153283424,
    19123.767639619324,
    19606.07105341434,
    19613.51131993559,
    19733.914199515806,
    19739.825232122552,
    19101.047388494677,
    18470.15037573423,
    20158.53749846518,
    19335.64410721715,
    20550.33744643058,
    19577.896087691777,
    19879.76915751244,
    19001.056691784397,
    18912.127425170434,
    18945.96511637194,
    20526.072501697276,
    20711.31894588361,
    22145.966605542628,
    21871.038929912247,
    19786.378947295387,
    19886.892720222168,
    19121.357947670003,
    19031.86291460057,
    18926.03770897505,
    19416.447232625243,
    18853.951092216976,
    19099.191898882862,
    21304.13502670444,
    19311.766722388893,
    18969.52854743262,
    22398.437229528437,
    22474.496020211405,
    19786.430160630254,
    21712.21652924852,
    22120.338990138946,
    20871.861607993495,
    21473.407354709565,
    21893.636711034596,
    21799.934814675238,
    20834.03688084504,
    20716.222890593323,
    20425.908762602532,
    21109.605023170876,
    20301.090447089045,
    20472.523600762746,
    20643.155686532107,
    20791.93047498539,
    20868.556161440116,
    21082.53336633461
  ],
  "std_rewards": [
    1721.0989169206334,
    1102.8710013780262,
    1466.0252980087548,
    1392.6657159072747,
    1776.8023327098624,
    1869.692283835938,
    1495.7294078493524,
    1400.5509518166864,
    1817.4801231592899,
    1559.8339169878438,
    1625.5204417379525,
    1476.7587260034838,
    1575.35075308041,
    1200.0996807924548,
    1315.4466813666581,
    1699.887884774265,
    1814.5054147222083,
    1926.7256341068837,
    2024.3423766623769,
    2056.2256576398913,
    1555.5970783427074,
    1299.0453547582695,
    1582.4959187688457,
    1640.0261559871053,
    1247.599831654712,
    1201.6195000189746,
    1387.0263722482302,
    1531.451008930023,
    2147.977275755794,
    1754.8444354727258,
    1511.6858418292693,
    2362.781678325473,
    1851.2816296174217,
    2303.764696436879,
    2012.5386101944634,
    2247.552954596264,
    1637.5623491102451,
    2024.3242229860903,
    2428.717077281655,
    2101.1505179284477,
    2440.36950947834,
    1100.3594230428198,
    1720.0353562274618,
    2177.9431099207227,
    1615.7595969992328,
    2186.96730630281,
    1506.711167700799,
    2313.1329544012137,
    1900.2995312891755,
    2161.2868605587855
  ],
  "mean_revenues": [
    19982.887153283424,
    19123.767639619324,
    19606.07105341434,
    19613.51131993559,
    19733.914199515806,
    19739.825232122552,
    19101.047388494677,
    18470.15037573423,
    20158.53749846518,
    19335.64410721715,
    20550.33744643058,
    19577.896087691777,
    19879.76915751244,
    19001.056691784397,
    18912.127425170434,
    18945.96511637194,
    20526.072501697276,
    20711.31894588361,
    22145.966605542628,
    21871.038929912247,
    19786.378947295387,
    19886.892720222168,
    19121.357947670003,
    19031.86291460057,
    18926.03770897505,
    19416.447232625243,
    18853.951092216976,
    19099.191898882862,
    21304.13502670444,
    19311.766722388893,
    18969.52854743262,
    22398.437229528437,
    22474.496020211405,
    19786.430160630254,
    21712.21652924852,
    22120.338990138946,
    20871.861607993495,
    21473.407354709565,
    21893.636711034596,
    21799.934814675238,
    20834.03688084504,
    20716.222890593323,
    20425.908762602532,
    21109.605023170876,
    20301.090447089045,
    20472.523600762746,
    20643.155686532107,
    20791.93047498539,
    20868.556161440116,
    21082.53336633461
  ],
  "mean_acceptance_rates": [
    0.9029999999999999,
    0.891,
    0.875,
    0.8789999999999999,
    0.8829999999999998,
    0.8990000000000002,
    0.8789999999999999,
    0.8809999999999999,
    0.8859999999999999,
    0.8879999999999999,
    0.9080000000000001,
    0.8780000000000001,
    0.924,
    0.8779999999999999,
    0.893,
    0.8889999999999999,
    0.7619999999999999,
    0.769,
    0.7809999999999999,
    0.791,
    0.8880000000000001,
    0.857,
    0.893,
    0.883,
    0.8720000000000001,
    0.881,
    0.9099999999999999,
    0.9,
    0.76,
    0.9089999999999998,
    0.8780000000000001,
    0.79,
    0.7740000000000001,
    0.7479999999999999,
    0.78,
    0.7899999999999999,
    0.7930000000000001,
    0.7729999999999999,
    0.773,
    0.788,
    0.761,
    0.8320000000000001,
    0.853,
    0.869,
    0.8310000000000001,
    0.852,
    0.866,
    0.852,
    0.858,
    0.8570000000000002
  ],
  "mean_episode_lengths": [
    50.0,
    50.0,
    50.0,
    50.0,
    50.0,
    50.0,
    50.0,
    50.0,
    50.0,
    50.0,
    50.0,
    50.0,
    50.0,
    50.0,
    50.0,
    50.0,
    50.0,
    50.0,
    50.0,
    50.0,
    50.0,
    50.0,
    50.0,
    50.0,
    50.0,
    50.0,
    50.0,
    50.0,
    50.0,
    50.0,
    50.0,
    50.0,
    50.0,
    50.0,
    50.0,
    50.0,
    50.0,
    50.0,
    50.0,
    50.0,
    50.0,
    50.0,
    50.0,
    50.0,
    50.0,
    50.0,
    50.0,
    50.0,
    50.0,
    50.0
  ]
}