{
  "timesteps": [
    2000,
    4000,
    6000,
    8000,
    10000,
    12000,
    14000,
    16000,
    18000,
    20000,
    22000,
    24000,
    26000,
    28000,
    30000,
    32000,
    34000,
    36000,
    38000,
    40000,
    42000,
    44000,
    46000,
    48000,
    50000,
    52000,
    54000,
    56000,
    58000,
    60000,
    62000,
    64000,
    66000,
    68000,
    70000,
    72000,
    74000,
    76000,
    78000,
    80000,
    82000,
    84000,
    86000,
    88000,
    90000,
    92000,
    94000,
    96000,
    98000,
    100000
  ],
  "mean_rewards": [
    21678.566282794884,
    21091.040602146495,
    22053.583674909245,
    21429.212145978516,
    21398.353547848023,
    21810.450759945546,
    21598.620301216317,
    21716.063815230667,
    21762.73041961842,
    21298.495698005925,
    21340.443751350675,
    21531.07544071003,
    20544.79803842812,
    21172.234987281125,
    21128.871051360096,
    21677.437288716923,
    21159.16959169618,
    21645.478722633838,
    21776.103762881838,
    21164.32147914419,
    21815.432810453516,
    21668.071380814195,
    22259.92907873823,
    20930.54316522164,
    20831.895228413934,
    21383.576393366926,
    21766.17618745802,
    21900.957871362545,
    22135.67531581549,
    21876.685777169165,
    21696.98875804543,
    21239.818218265722,
    21157.713180173396,
    22123.087541396402,
    22719.957862978506,
    21949.637670719545,
    22223.049584049768,
    21265.43265596433,
    21508.36689721761,
    21900.251925131946,
    21426.153511451696,
    21241.01376438614,
    21905.520241795173,
    22313.484316116475,
    21186.93723968975,
    20918.41577339833,
    21282.53299337919,
    21093.92085840305,
    20853.98701567533,
    21071.33164501411
  ],
  "std_rewards": [
    2285.6888138054287,
    2193.6712755192852,
    1870.988859344223,
    2670.1211186581704,
    2189.6476370678492,
    1858.0714143599378,
    2234.691076984742,
    2245.0497103180624,
    2560.3866637854258,
    2656.6451592499584,
    2888.6857273706028,
    2548.0384127605903,
    1814.6264684971366,
    2037.651684259846,
    2328.3728630450746,
    1871.0316245142415,
    2112.1502618031504,
    2409.945300182633,
    1813.571853259502,
    1968.9461102867833,
    2373.834496402159,
    2066.909536298209,
    2400.0467148508505,
    1931.95557489927,
    2501.955909562898,
    2145.6068330716084,
    2563.253741640075,
    2276.2570635883912,
    1901.167442869716,
    1826.7991992668913,
    2479.39021620052,
    2155.1553237765793,
    2312.2315528285976,
    2253.0386902392165,
    2339.1400964955697,
    1859.5913619531345,
    2164.685779206578,
    2131.707405936233,
    2211.999106259618,
    2329.286681814052,
    1879.9868167618417,
    1699.4733007354528,
    2379.4191637010667,
    2132.6677801365768,
    2521.0762878487562,
    2854.006263672639,
    2020.7192863122707,
    2199.9293478721715,
    2582.332682383637,
    1905.651434690991
  ],
  "mean_revenues": [
    21678.566282794884,
    21091.040602146495,
    22053.583674909245,
    21429.212145978516,
    21398.353547848023,
    21810.450759945546,
    21598.620301216317,
    21716.063815230667,
    21762.73041961842,
    21298.495698005925,
    21340.443751350675,
    21531.07544071003,
    20544.79803842812,
    21172.234987281125,
    21128.871051360096,
    21677.437288716923,
    21159.16959169618,
    21645.478722633838,
    21776.103762881838,
    21164.32147914419,
    21815.432810453516,
    21668.071380814195,
    22259.92907873823,
    20930.54316522164,
    20831.895228413934,
    21383.576393366926,
    21766.17618745802,
    21900.957871362545,
    22135.67531581549,
    21876.685777169165,
    21696.98875804543,
    21239.818218265722,
    21157.713180173396,
    22123.087541396402,
    22719.957862978506,
    21949.637670719545,
    22223.049584049768,
    21265.43265596433,
    21508.36689721761,
    21900.251925131946,
    21426.153511451696,
    21241.01376438614,
    21905.520241795173,
    22313.484316116475,
    21186.93723968975,
    20918.41577339833,
    21282.53299337919,
    21093.92085840305,
    20853.98701567533,
    21071.33164501411
  ],
  "mean_acceptance_rates": [
    0.795,
    0.7590000000000001,
    0.78,
    0.775,
    0.779,
    0.783,
    0.777,
    0.806,
    0.7940000000000002,
    0.788,
    0.7849999999999999,
    0.794,
    0.77,
    0.783,
    0.789,
    0.8049999999999999,
    0.79,
    0.8009999999999999,
    0.7969999999999999,
    0.784,
    0.794,
    0.8010000000000002,
    0.7889999999999999,
    0.761,
    0.788,
    0.7879999999999999,
    0.7980000000000002,
    0.827,
    0.8160000000000001,
    0.7819999999999999,
    0.7889999999999999,
    0.788,
    0.788,
    0.807,
    0.82,
    0.7979999999999999,
    0.8170000000000002,
    0.787,
    0.782,
    0.8140000000000001,
    0.7819999999999999,
    0.783,
    0.792,
    0.817,
    0.793,
    0.771,
    0.8019999999999999,
    0.7710000000000001,
    0.768,
    0.775
  ],
  "mean_episode_lengths": [
    50.0,
    50.0,
    50.0,
    50.0,
    50.0,
    50.0,
    50.0,
    50.0,
    50.0,
    50.0,
    50.0,
    50.0,
    50.0,
    50.0,
    50.0,
    50.0,
    50.0,
    50.0,
    50.0,
    50.0,
    50.0,
    50.0,
    50.0,
    50.0,
    50.0,
    50.0,
    50.0,
    50.0,
    50.0,
    50.0,
    50.0,
    50.0,
    50.0,
    50.0,
    50.0,
    50.0,
    50.0,
    50.0,
    50.0,
    50.0,
    50.0,
    50.0,
    50.0,
    50.0,
    50.0,
    50.0,
    50.0,
    50.0,
    50.0,
    50.0
  ]
}